"Customer_ID","Product_ID","Quantity","Unit Price","Product Category"
"CST00001","FM1009",1,4461,"IT & Electronics"
"CST00001","JS2310",1,2782,"Health & Nutrition"
"CST00001","SK3128",2,393,"Home Appliances"
"CST00001","SK3129",1,5134,"Home Appliances"
"CST00001","SK3130",1,458,"Home Appliances"
"CST00001","TF1250",1,1511,"Clothing & Accessories"
"CST00001","TF1251",1,841,"Clothing & Accessories"
"CST00001","TF1252",1,3006,"Clothing & Accessories"
"CST00001","TF1253",1,676,"Clothing & Accessories"
"CST00001","TF1257",1,1066,"Clothing & Accessories"
"CST00002","FM1003",1,2657,"IT & Electronics"
"CST00002","FM1009",1,4461,"IT & Electronics"
"CST00002","JS2309",1,1653,"Health & Nutrition"
"CST00002","SK3138",1,224,"Home Appliances"
"CST00002","TF1253",1,676,"Clothing & Accessories"
"CST00002","TF1259",1,1429,"Clothing & Accessories"
"CST00003","FM1005",1,739,"IT & Electronics"
"CST00003","FM1012",1,475,"IT & Electronics"
"CST00003","JS2307",1,1443,"Health & Nutrition"
"CST00003","JS2308",1,1883,"Health & Nutrition"
"CST00003","JS2312",1,3885,"Health & Nutrition"
"CST00003","JS2313",1,1196,"Health & Nutrition"
"CST00003","SK3136",1,2095,"Home Appliances"
"CST00003","TF1250",1,1511,"Clothing & Accessories"
"CST00003","TF1256",1,58,"Clothing & Accessories"
"CST00003","TF1257",1,1066,"Clothing & Accessories"
"CST00004","FM1001",1,533,"IT & Electronics"
"CST00004","FM1010",1,4573,"IT & Electronics"
"CST00004","JS2306",1,428,"Health & Nutrition"
"CST00004","JS2313",2,1196,"Health & Nutrition"
"CST00004","SK3125",1,2556,"Home Appliances"
"CST00004","SK3130",1,458,"Home Appliances"
"CST00004","TF1250",1,1511,"Clothing & Accessories"
"CST00004","TF1255",1,2631,"Clothing & Accessories"
"CST00004","TF1259",1,1429,"Clothing & Accessories"
"CST00005","FM1007",1,939,"IT & Electronics"
"CST00005","JS2306",1,428,"Health & Nutrition"
"CST00005","JS2308",1,1883,"Health & Nutrition"
"CST00005","SK3124",1,2777,"Home Appliances"
"CST00005","SK3126",1,558,"Home Appliances"
"CST00005","SK3127",2,280,"Home Appliances"
"CST00005","SK3129",1,5134,"Home Appliances"
"CST00005","SK3132",1,3401,"Home Appliances"
"CST00005","SK3133",1,533,"Home Appliances"
"CST00005","SK3137",1,1596,"Home Appliances"
"CST00005","TF1251",1,841,"Clothing & Accessories"
"CST00005","TF1255",1,2631,"Clothing & Accessories"
"CST00006","FM1001",1,533,"IT & Electronics"
"CST00006","FM1003",1,2657,"IT & Electronics"
"CST00006","JS2306",1,428,"Health & Nutrition"
"CST00006","SK3127",2,280,"Home Appliances"
"CST00006","SK3139",2,3315,"Home Appliances"
"CST00006","SK3140",1,112,"Home Appliances"
"CST00006","TF1256",1,58,"Clothing & Accessories"
"CST00006","TF1257",1,1066,"Clothing & Accessories"
"CST00007","FM1005",1,739,"IT & Electronics"
"CST00007","FM1010",1,4573,"IT & Electronics"
"CST00007","JS2308",1,1883,"Health & Nutrition"
"CST00007","SK3134",1,1476,"Home Appliances"
"CST00007","SK3135",1,2836,"Home Appliances"
"CST00007","TF1252",1,3006,"Clothing & Accessories"
"CST00007","TF1253",2,676,"Clothing & Accessories"
"CST00007","TF1258",1,629,"Clothing & Accessories"
"CST00008","FM1001",1,533,"IT & Electronics"
"CST00008","FM1002",1,2648,"IT & Electronics"
"CST00008","FM1004",1,797,"IT & Electronics"
"CST00008","FM1005",1,739,"IT & Electronics"
"CST00008","JS2313",1,1196,"Health & Nutrition"
"CST00008","SK3129",1,5134,"Home Appliances"
"CST00008","SK3133",1,533,"Home Appliances"
"CST00008","SK3136",1,2095,"Home Appliances"
"CST00008","SK3137",1,1596,"Home Appliances"
"CST00008","TF1252",1,3006,"Clothing & Accessories"
"CST00008","TF1255",1,2631,"Clothing & Accessories"
"CST00009","FM1006",1,1165,"IT & Electronics"
"CST00009","FM1009",1,4461,"IT & Electronics"
"CST00009","FM1010",1,4573,"IT & Electronics"
"CST00009","FM1011",1,3055,"IT & Electronics"
"CST00009","SK3140",1,112,"Home Appliances"
"CST00010","FM1003",1,2657,"IT & Electronics"
"CST00010","FM1005",1,739,"IT & Electronics"
"CST00010","FM1007",1,939,"IT & Electronics"
"CST00010","JS2311",1,192,"Health & Nutrition"
"CST00010","SK3125",1,2556,"Home Appliances"
"CST00010","SK3127",2,280,"Home Appliances"
"CST00011","FM1003",1,2657,"IT & Electronics"
"CST00011","FM1009",1,4461,"IT & Electronics"
"CST00011","JS2307",1,1443,"Health & Nutrition"
"CST00011","JS2308",1,1883,"Health & Nutrition"
"CST00011","JS2309",1,1653,"Health & Nutrition"
"CST00011","JS2311",1,192,"Health & Nutrition"
"CST00011","JS2313",2,1196,"Health & Nutrition"
"CST00011","SK3125",1,2556,"Home Appliances"
"CST00011","SK3132",1,3401,"Home Appliances"
"CST00011","SK3136",1,2095,"Home Appliances"
"CST00011","TF1255",1,2631,"Clothing & Accessories"
"CST00011","TF1256",1,58,"Clothing & Accessories"
"CST00011","TF1257",1,1066,"Clothing & Accessories"
"CST00012","FM1004",1,797,"IT & Electronics"
"CST00012","FM1006",1,1165,"IT & Electronics"
"CST00012","FM1010",1,4573,"IT & Electronics"
"CST00012","JS2309",1,1653,"Health & Nutrition"
"CST00012","SK3127",1,280,"Home Appliances"
"CST00012","SK3129",1,5134,"Home Appliances"
"CST00012","SK3134",1,1476,"Home Appliances"
"CST00012","SK3139",1,3315,"Home Appliances"
"CST00012","SK3140",1,112,"Home Appliances"
"CST00012","TF1253",1,676,"Clothing & Accessories"
"CST00013","FM1002",1,2648,"IT & Electronics"
"CST00013","FM1009",1,4461,"IT & Electronics"
"CST00013","FM1012",1,475,"IT & Electronics"
"CST00013","JS2309",1,1653,"Health & Nutrition"
"CST00013","SK3124",1,2777,"Home Appliances"
"CST00013","SK3125",1,2556,"Home Appliances"
"CST00013","SK3135",2,2836,"Home Appliances"
"CST00013","SK3139",1,3315,"Home Appliances"
"CST00014","FM1005",1,739,"IT & Electronics"
"CST00014","JS2309",1,1653,"Health & Nutrition"
"CST00014","JS2312",1,3885,"Health & Nutrition"
"CST00014","JS2313",1,1196,"Health & Nutrition"
"CST00014","SK3125",1,2556,"Home Appliances"
"CST00014","SK3126",1,558,"Home Appliances"
"CST00014","SK3133",1,533,"Home Appliances"
"CST00014","SK3140",1,112,"Home Appliances"
"CST00014","TF1253",1,676,"Clothing & Accessories"
"CST00014","TF1254",1,1142,"Clothing & Accessories"
"CST00014","TF1255",1,2631,"Clothing & Accessories"
"CST00015","FM1006",2,1165,"IT & Electronics"
"CST00015","JS2310",1,2782,"Health & Nutrition"
"CST00015","SK3138",1,224,"Home Appliances"
"CST00015","SK3139",1,3315,"Home Appliances"
"CST00015","TF1254",1,1142,"Clothing & Accessories"
"CST00015","TF1257",2,1066,"Clothing & Accessories"
"CST00015","TF1258",1,629,"Clothing & Accessories"
"CST00016","FM1006",1,1165,"IT & Electronics"
"CST00016","FM1007",1,939,"IT & Electronics"
"CST00016","JS2307",1,1443,"Health & Nutrition"
"CST00016","JS2309",1,1653,"Health & Nutrition"
"CST00016","JS2313",1,1196,"Health & Nutrition"
"CST00016","SK3126",1,558,"Home Appliances"
"CST00016","SK3131",1,405,"Home Appliances"
"CST00016","SK3136",1,2095,"Home Appliances"
"CST00016","SK3138",1,224,"Home Appliances"
"CST00016","TF1254",2,1142,"Clothing & Accessories"
"CST00016","TF1256",1,58,"Clothing & Accessories"
"CST00016","TF1257",1,1066,"Clothing & Accessories"
"CST00017","FM1003",1,2657,"IT & Electronics"
"CST00017","FM1010",1,4573,"IT & Electronics"
"CST00017","FM1013",1,2333,"IT & Electronics"
"CST00017","JS2310",1,2782,"Health & Nutrition"
"CST00017","SK3125",1,2556,"Home Appliances"
"CST00017","SK3126",1,558,"Home Appliances"
"CST00017","SK3131",1,405,"Home Appliances"
"CST00017","SK3138",1,224,"Home Appliances"
"CST00017","SK3141",1,2341,"Home Appliances"
"CST00018","FM1005",1,739,"IT & Electronics"
"CST00018","FM1009",1,4461,"IT & Electronics"
"CST00018","FM1011",1,3055,"IT & Electronics"
"CST00018","FM1012",1,475,"IT & Electronics"
"CST00018","JS2306",1,428,"Health & Nutrition"
"CST00018","SK3125",1,2556,"Home Appliances"
"CST00018","SK3130",2,458,"Home Appliances"
"CST00018","SK3133",1,533,"Home Appliances"
"CST00018","TF1251",1,841,"Clothing & Accessories"
"CST00018","TF1258",1,629,"Clothing & Accessories"
"CST00018","TF1259",1,1429,"Clothing & Accessories"
"CST00019","FM1003",2,2657,"IT & Electronics"
"CST00019","FM1005",1,739,"IT & Electronics"
"CST00019","FM1006",1,1165,"IT & Electronics"
"CST00019","JS2306",1,428,"Health & Nutrition"
"CST00019","JS2313",1,1196,"Health & Nutrition"
"CST00019","SK3125",1,2556,"Home Appliances"
"CST00019","SK3129",1,5134,"Home Appliances"
"CST00019","SK3130",1,458,"Home Appliances"
"CST00019","SK3133",1,533,"Home Appliances"
"CST00019","SK3136",2,2095,"Home Appliances"
"CST00019","SK3137",1,1596,"Home Appliances"
"CST00019","TF1252",1,3006,"Clothing & Accessories"
"CST00019","TF1254",1,1142,"Clothing & Accessories"
"CST00019","TF1257",1,1066,"Clothing & Accessories"
"CST00020","FM1007",2,939,"IT & Electronics"
"CST00020","FM1012",1,475,"IT & Electronics"
"CST00020","JS2313",1,1196,"Health & Nutrition"
"CST00020","SK3124",1,2777,"Home Appliances"
"CST00020","SK3127",1,280,"Home Appliances"
"CST00020","SK3128",1,393,"Home Appliances"
"CST00020","SK3129",1,5134,"Home Appliances"
"CST00020","SK3135",1,2836,"Home Appliances"
"CST00020","SK3137",1,1596,"Home Appliances"
"CST00020","TF1252",1,3006,"Clothing & Accessories"
"CST00020","TF1253",1,676,"Clothing & Accessories"
"CST00021","FM1001",1,533,"IT & Electronics"
"CST00021","FM1003",1,2657,"IT & Electronics"
"CST00021","FM1007",1,939,"IT & Electronics"
"CST00021","FM1009",1,4461,"IT & Electronics"
"CST00021","SK3128",1,393,"Home Appliances"
"CST00021","SK3132",1,3401,"Home Appliances"
"CST00021","SK3134",1,1476,"Home Appliances"
"CST00021","SK3136",1,2095,"Home Appliances"
"CST00021","SK3141",1,2341,"Home Appliances"
"CST00021","TF1252",2,3006,"Clothing & Accessories"
"CST00022","FM1009",1,4461,"IT & Electronics"
"CST00022","JS2305",3,1574,"Health & Nutrition"
"CST00022","JS2306",1,428,"Health & Nutrition"
"CST00022","SK3124",1,2777,"Home Appliances"
"CST00022","SK3125",1,2556,"Home Appliances"
"CST00022","SK3131",1,405,"Home Appliances"
"CST00022","SK3138",1,224,"Home Appliances"
"CST00023","FM1001",2,533,"IT & Electronics"
"CST00023","SK3124",1,2777,"Home Appliances"
"CST00023","SK3129",1,5134,"Home Appliances"
"CST00023","SK3135",1,2836,"Home Appliances"
"CST00023","TF1250",1,1511,"Clothing & Accessories"
"CST00023","TF1251",1,841,"Clothing & Accessories"
"CST00024","FM1002",3,2648,"IT & Electronics"
"CST00024","FM1004",2,797,"IT & Electronics"
"CST00024","FM1005",1,739,"IT & Electronics"
"CST00024","FM1010",1,4573,"IT & Electronics"
"CST00024","JS2308",1,1883,"Health & Nutrition"
"CST00024","JS2309",1,1653,"Health & Nutrition"
"CST00024","TF1251",2,841,"Clothing & Accessories"
"CST00024","TF1258",1,629,"Clothing & Accessories"
"CST00025","FM1011",1,3055,"IT & Electronics"
"CST00025","JS2311",1,192,"Health & Nutrition"
"CST00025","JS2312",1,3885,"Health & Nutrition"
"CST00025","TF1250",1,1511,"Clothing & Accessories"
"CST00025","TF1252",1,3006,"Clothing & Accessories"
"CST00025","TF1253",1,676,"Clothing & Accessories"
"CST00025","TF1254",1,1142,"Clothing & Accessories"
"CST00025","TF1255",1,2631,"Clothing & Accessories"
"CST00026","FM1007",1,939,"IT & Electronics"
"CST00026","FM1012",2,475,"IT & Electronics"
"CST00026","JS2309",1,1653,"Health & Nutrition"
"CST00026","JS2311",1,192,"Health & Nutrition"
"CST00026","JS2312",2,3885,"Health & Nutrition"
"CST00026","SK3141",1,2341,"Home Appliances"
"CST00026","TF1254",1,1142,"Clothing & Accessories"
"CST00026","TF1258",1,629,"Clothing & Accessories"
"CST00027","FM1005",1,739,"IT & Electronics"
"CST00027","FM1006",1,1165,"IT & Electronics"
"CST00027","FM1009",1,4461,"IT & Electronics"
"CST00027","JS2305",1,1574,"Health & Nutrition"
"CST00027","JS2308",1,1883,"Health & Nutrition"
"CST00027","JS2313",1,1196,"Health & Nutrition"
"CST00027","SK3125",1,2556,"Home Appliances"
"CST00027","SK3137",1,1596,"Home Appliances"
"CST00027","SK3141",1,2341,"Home Appliances"
"CST00027","TF1250",1,1511,"Clothing & Accessories"
"CST00027","TF1251",1,841,"Clothing & Accessories"
"CST00028","FM1003",1,2657,"IT & Electronics"
"CST00028","FM1006",1,1165,"IT & Electronics"
"CST00028","FM1011",1,3055,"IT & Electronics"
"CST00028","FM1013",1,2333,"IT & Electronics"
"CST00028","JS2309",1,1653,"Health & Nutrition"
"CST00028","JS2313",1,1196,"Health & Nutrition"
"CST00028","SK3131",1,405,"Home Appliances"
"CST00028","SK3134",1,1476,"Home Appliances"
"CST00028","SK3137",1,1596,"Home Appliances"
"CST00028","SK3141",1,2341,"Home Appliances"
"CST00028","TF1256",1,58,"Clothing & Accessories"
"CST00028","TF1257",1,1066,"Clothing & Accessories"
"CST00028","TF1258",1,629,"Clothing & Accessories"
"CST00029","SK3126",1,558,"Home Appliances"
"CST00029","SK3135",1,2836,"Home Appliances"
"CST00029","SK3138",1,224,"Home Appliances"
"CST00029","SK3141",1,2341,"Home Appliances"
"CST00029","TF1255",1,2631,"Clothing & Accessories"
"CST00029","TF1257",1,1066,"Clothing & Accessories"
"CST00030","FM1003",1,2657,"IT & Electronics"
"CST00030","FM1005",2,739,"IT & Electronics"
"CST00030","FM1007",1,939,"IT & Electronics"
"CST00030","FM1008",1,1296,"IT & Electronics"
"CST00030","JS2307",1,1443,"Health & Nutrition"
"CST00030","JS2308",1,1883,"Health & Nutrition"
"CST00030","JS2312",1,3885,"Health & Nutrition"
"CST00030","SK3129",1,5134,"Home Appliances"
"CST00030","SK3139",1,3315,"Home Appliances"
"CST00030","SK3141",1,2341,"Home Appliances"
"CST00030","TF1255",1,2631,"Clothing & Accessories"
"CST00030","TF1257",1,1066,"Clothing & Accessories"
"CST00031","FM1007",1,939,"IT & Electronics"
"CST00031","FM1009",1,4461,"IT & Electronics"
"CST00031","FM1013",1,2333,"IT & Electronics"
"CST00031","SK3130",1,458,"Home Appliances"
"CST00031","SK3131",1,405,"Home Appliances"
"CST00031","SK3138",1,224,"Home Appliances"
"CST00031","SK3140",1,112,"Home Appliances"
"CST00031","TF1252",1,3006,"Clothing & Accessories"
"CST00031","TF1255",1,2631,"Clothing & Accessories"
"CST00031","TF1257",1,1066,"Clothing & Accessories"
"CST00032","FM1001",1,533,"IT & Electronics"
"CST00032","FM1008",1,1296,"IT & Electronics"
"CST00032","FM1012",1,475,"IT & Electronics"
"CST00032","JS2307",1,1443,"Health & Nutrition"
"CST00032","SK3131",1,405,"Home Appliances"
"CST00032","SK3132",2,3401,"Home Appliances"
"CST00032","SK3141",1,2341,"Home Appliances"
"CST00032","TF1251",1,841,"Clothing & Accessories"
"CST00032","TF1257",1,1066,"Clothing & Accessories"
"CST00033","FM1005",1,739,"IT & Electronics"
"CST00033","FM1012",1,475,"IT & Electronics"
"CST00033","JS2305",1,1574,"Health & Nutrition"
"CST00033","TF1257",1,1066,"Clothing & Accessories"
"CST00034","FM1009",1,4461,"IT & Electronics"
"CST00034","JS2306",1,428,"Health & Nutrition"
"CST00034","JS2307",1,1443,"Health & Nutrition"
"CST00034","JS2310",1,2782,"Health & Nutrition"
"CST00034","SK3124",1,2777,"Home Appliances"
"CST00034","SK3131",1,405,"Home Appliances"
"CST00034","SK3138",1,224,"Home Appliances"
"CST00034","TF1251",1,841,"Clothing & Accessories"
"CST00034","TF1257",1,1066,"Clothing & Accessories"
"CST00034","TF1259",1,1429,"Clothing & Accessories"
"CST00035","FM1002",1,2648,"IT & Electronics"
"CST00035","FM1003",1,2657,"IT & Electronics"
"CST00035","FM1008",2,1296,"IT & Electronics"
"CST00035","FM1011",1,3055,"IT & Electronics"
"CST00035","JS2310",1,2782,"Health & Nutrition"
"CST00035","SK3124",1,2777,"Home Appliances"
"CST00035","SK3128",1,393,"Home Appliances"
"CST00035","SK3131",1,405,"Home Appliances"
"CST00035","SK3132",1,3401,"Home Appliances"
"CST00035","SK3133",1,533,"Home Appliances"
"CST00035","SK3141",1,2341,"Home Appliances"
"CST00035","TF1257",1,1066,"Clothing & Accessories"
"CST00035","TF1258",1,629,"Clothing & Accessories"
"CST00036","FM1013",2,2333,"IT & Electronics"
"CST00036","JS2306",1,428,"Health & Nutrition"
"CST00036","JS2310",1,2782,"Health & Nutrition"
"CST00036","SK3124",1,2777,"Home Appliances"
"CST00036","SK3127",1,280,"Home Appliances"
"CST00036","SK3131",1,405,"Home Appliances"
"CST00036","SK3132",1,3401,"Home Appliances"
"CST00036","TF1251",1,841,"Clothing & Accessories"
"CST00036","TF1253",1,676,"Clothing & Accessories"
"CST00036","TF1256",1,58,"Clothing & Accessories"
"CST00037","JS2306",1,428,"Health & Nutrition"
"CST00037","JS2308",1,1883,"Health & Nutrition"
"CST00037","JS2309",1,1653,"Health & Nutrition"
"CST00037","SK3124",1,2777,"Home Appliances"
"CST00037","SK3135",1,2836,"Home Appliances"
"CST00037","SK3136",1,2095,"Home Appliances"
"CST00037","SK3141",1,2341,"Home Appliances"
"CST00037","TF1257",1,1066,"Clothing & Accessories"
"CST00038","FM1001",1,533,"IT & Electronics"
"CST00038","FM1008",2,1296,"IT & Electronics"
"CST00038","FM1012",1,475,"IT & Electronics"
"CST00038","JS2313",1,1196,"Health & Nutrition"
"CST00038","SK3124",1,2777,"Home Appliances"
"CST00038","SK3125",2,2556,"Home Appliances"
"CST00038","SK3126",1,558,"Home Appliances"
"CST00038","SK3128",1,393,"Home Appliances"
"CST00038","SK3129",1,5134,"Home Appliances"
"CST00038","TF1255",1,2631,"Clothing & Accessories"
"CST00039","FM1013",1,2333,"IT & Electronics"
"CST00039","JS2306",1,428,"Health & Nutrition"
"CST00039","JS2310",1,2782,"Health & Nutrition"
"CST00039","JS2313",1,1196,"Health & Nutrition"
"CST00039","TF1250",1,1511,"Clothing & Accessories"
"CST00039","TF1251",1,841,"Clothing & Accessories"
"CST00039","TF1252",1,3006,"Clothing & Accessories"
"CST00039","TF1258",1,629,"Clothing & Accessories"
"CST00040","FM1004",2,797,"IT & Electronics"
"CST00040","FM1005",1,739,"IT & Electronics"
"CST00040","FM1008",1,1296,"IT & Electronics"
"CST00040","FM1010",1,4573,"IT & Electronics"
"CST00040","JS2307",1,1443,"Health & Nutrition"
"CST00040","SK3124",1,2777,"Home Appliances"
"CST00040","SK3127",1,280,"Home Appliances"
"CST00040","SK3128",2,393,"Home Appliances"
"CST00040","SK3136",1,2095,"Home Appliances"
"CST00040","SK3137",1,1596,"Home Appliances"
"CST00040","SK3138",1,224,"Home Appliances"
"CST00040","SK3139",1,3315,"Home Appliances"
"CST00040","SK3141",1,2341,"Home Appliances"
"CST00040","TF1253",1,676,"Clothing & Accessories"
"CST00040","TF1254",1,1142,"Clothing & Accessories"
"CST00040","TF1259",1,1429,"Clothing & Accessories"
"CST00041","FM1004",1,797,"IT & Electronics"
"CST00041","FM1005",1,739,"IT & Electronics"
"CST00041","FM1007",1,939,"IT & Electronics"
"CST00041","FM1012",1,475,"IT & Electronics"
"CST00041","JS2308",1,1883,"Health & Nutrition"
"CST00041","JS2312",1,3885,"Health & Nutrition"
"CST00041","JS2313",1,1196,"Health & Nutrition"
"CST00041","SK3126",1,558,"Home Appliances"
"CST00041","TF1250",1,1511,"Clothing & Accessories"
"CST00041","TF1254",1,1142,"Clothing & Accessories"
"CST00042","FM1005",1,739,"IT & Electronics"
"CST00042","FM1006",1,1165,"IT & Electronics"
"CST00042","FM1007",1,939,"IT & Electronics"
"CST00042","JS2307",2,1443,"Health & Nutrition"
"CST00042","SK3129",2,5134,"Home Appliances"
"CST00042","SK3138",1,224,"Home Appliances"
"CST00042","TF1255",1,2631,"Clothing & Accessories"
"CST00043","FM1003",1,2657,"IT & Electronics"
"CST00043","FM1010",1,4573,"IT & Electronics"
"CST00043","JS2306",1,428,"Health & Nutrition"
"CST00043","JS2309",1,1653,"Health & Nutrition"
"CST00043","SK3126",1,558,"Home Appliances"
"CST00043","SK3127",1,280,"Home Appliances"
"CST00044","FM1002",1,2648,"IT & Electronics"
"CST00044","FM1013",1,2333,"IT & Electronics"
"CST00044","JS2309",2,1653,"Health & Nutrition"
"CST00044","JS2312",1,3885,"Health & Nutrition"
"CST00044","JS2313",1,1196,"Health & Nutrition"
"CST00044","SK3125",2,2556,"Home Appliances"
"CST00044","SK3128",2,393,"Home Appliances"
"CST00044","SK3129",2,5134,"Home Appliances"
"CST00044","SK3140",1,112,"Home Appliances"
"CST00044","TF1251",1,841,"Clothing & Accessories"
"CST00044","TF1253",1,676,"Clothing & Accessories"
"CST00044","TF1254",1,1142,"Clothing & Accessories"
"CST00044","TF1257",1,1066,"Clothing & Accessories"
"CST00045","FM1005",1,739,"IT & Electronics"
"CST00045","FM1008",1,1296,"IT & Electronics"
"CST00045","JS2312",1,3885,"Health & Nutrition"
"CST00045","SK3129",1,5134,"Home Appliances"
"CST00045","SK3133",1,533,"Home Appliances"
"CST00045","SK3141",1,2341,"Home Appliances"
"CST00045","TF1253",1,676,"Clothing & Accessories"
"CST00045","TF1258",1,629,"Clothing & Accessories"
"CST00045","TF1259",2,1429,"Clothing & Accessories"
"CST00046","FM1009",1,4461,"IT & Electronics"
"CST00046","JS2306",1,428,"Health & Nutrition"
"CST00046","JS2307",1,1443,"Health & Nutrition"
"CST00046","JS2308",1,1883,"Health & Nutrition"
"CST00046","JS2311",1,192,"Health & Nutrition"
"CST00046","JS2313",1,1196,"Health & Nutrition"
"CST00046","SK3125",1,2556,"Home Appliances"
"CST00046","SK3128",1,393,"Home Appliances"
"CST00046","SK3129",1,5134,"Home Appliances"
"CST00046","SK3136",1,2095,"Home Appliances"
"CST00046","SK3141",1,2341,"Home Appliances"
"CST00046","TF1251",1,841,"Clothing & Accessories"
"CST00046","TF1253",1,676,"Clothing & Accessories"
"CST00046","TF1257",1,1066,"Clothing & Accessories"
"CST00047","FM1004",1,797,"IT & Electronics"
"CST00047","FM1008",1,1296,"IT & Electronics"
"CST00047","FM1009",1,4461,"IT & Electronics"
"CST00047","FM1011",1,3055,"IT & Electronics"
"CST00047","JS2307",1,1443,"Health & Nutrition"
"CST00047","JS2309",1,1653,"Health & Nutrition"
"CST00047","SK3124",1,2777,"Home Appliances"
"CST00047","SK3128",1,393,"Home Appliances"
"CST00047","SK3129",1,5134,"Home Appliances"
"CST00047","SK3133",1,533,"Home Appliances"
"CST00047","SK3135",1,2836,"Home Appliances"
"CST00047","SK3136",1,2095,"Home Appliances"
"CST00047","TF1256",1,58,"Clothing & Accessories"
"CST00047","TF1257",1,1066,"Clothing & Accessories"
"CST00047","TF1258",1,629,"Clothing & Accessories"
"CST00048","FM1013",1,2333,"IT & Electronics"
"CST00048","JS2310",1,2782,"Health & Nutrition"
"CST00048","SK3124",1,2777,"Home Appliances"
"CST00048","SK3128",1,393,"Home Appliances"
"CST00048","SK3136",1,2095,"Home Appliances"
"CST00048","TF1251",2,841,"Clothing & Accessories"
"CST00048","TF1253",1,676,"Clothing & Accessories"
"CST00048","TF1258",1,629,"Clothing & Accessories"
"CST00049","FM1001",1,533,"IT & Electronics"
"CST00049","FM1009",2,4461,"IT & Electronics"
"CST00049","FM1010",1,4573,"IT & Electronics"
"CST00049","JS2305",1,1574,"Health & Nutrition"
"CST00049","JS2313",1,1196,"Health & Nutrition"
"CST00049","SK3127",1,280,"Home Appliances"
"CST00049","SK3131",1,405,"Home Appliances"
"CST00049","SK3135",1,2836,"Home Appliances"
"CST00049","SK3137",1,1596,"Home Appliances"
"CST00049","TF1259",1,1429,"Clothing & Accessories"
"CST00050","FM1013",1,2333,"IT & Electronics"
"CST00050","SK3129",1,5134,"Home Appliances"
"CST00050","SK3137",1,1596,"Home Appliances"
"CST00050","TF1252",1,3006,"Clothing & Accessories"
"CST00050","TF1253",1,676,"Clothing & Accessories"
"CST00050","TF1257",1,1066,"Clothing & Accessories"
"CST00051","FM1006",1,1165,"IT & Electronics"
"CST00051","FM1007",1,939,"IT & Electronics"
"CST00051","FM1009",1,4461,"IT & Electronics"
"CST00051","JS2307",1,1443,"Health & Nutrition"
"CST00051","JS2308",1,1883,"Health & Nutrition"
"CST00051","JS2309",1,1653,"Health & Nutrition"
"CST00051","JS2310",1,2782,"Health & Nutrition"
"CST00051","SK3124",1,2777,"Home Appliances"
"CST00051","SK3131",1,405,"Home Appliances"
"CST00051","SK3133",1,533,"Home Appliances"
"CST00051","SK3136",1,2095,"Home Appliances"
"CST00051","SK3140",1,112,"Home Appliances"
"CST00051","TF1254",1,1142,"Clothing & Accessories"
"CST00051","TF1259",1,1429,"Clothing & Accessories"
"CST00052","FM1001",1,533,"IT & Electronics"
"CST00052","FM1004",1,797,"IT & Electronics"
"CST00052","FM1005",1,739,"IT & Electronics"
"CST00052","FM1013",2,2333,"IT & Electronics"
"CST00052","JS2306",1,428,"Health & Nutrition"
"CST00052","JS2307",1,1443,"Health & Nutrition"
"CST00052","SK3127",1,280,"Home Appliances"
"CST00052","SK3133",1,533,"Home Appliances"
"CST00052","SK3139",1,3315,"Home Appliances"
"CST00052","SK3140",1,112,"Home Appliances"
"CST00052","TF1255",2,2631,"Clothing & Accessories"
"CST00052","TF1259",1,1429,"Clothing & Accessories"
"CST00053","FM1001",1,533,"IT & Electronics"
"CST00053","FM1007",1,939,"IT & Electronics"
"CST00053","FM1008",1,1296,"IT & Electronics"
"CST00053","JS2313",1,1196,"Health & Nutrition"
"CST00053","SK3125",1,2556,"Home Appliances"
"CST00053","SK3130",1,458,"Home Appliances"
"CST00053","SK3134",1,1476,"Home Appliances"
"CST00053","SK3136",3,2095,"Home Appliances"
"CST00053","SK3139",1,3315,"Home Appliances"
"CST00053","SK3141",1,2341,"Home Appliances"
"CST00053","TF1250",1,1511,"Clothing & Accessories"
"CST00053","TF1254",1,1142,"Clothing & Accessories"
"CST00054","FM1003",1,2657,"IT & Electronics"
"CST00054","JS2311",1,192,"Health & Nutrition"
"CST00054","JS2312",1,3885,"Health & Nutrition"
"CST00054","SK3134",1,1476,"Home Appliances"
"CST00054","SK3141",1,2341,"Home Appliances"
"CST00054","TF1251",1,841,"Clothing & Accessories"
"CST00054","TF1252",1,3006,"Clothing & Accessories"
"CST00055","FM1002",2,2648,"IT & Electronics"
"CST00055","JS2308",1,1883,"Health & Nutrition"
"CST00055","JS2309",2,1653,"Health & Nutrition"
"CST00055","JS2312",1,3885,"Health & Nutrition"
"CST00055","SK3126",1,558,"Home Appliances"
"CST00055","SK3129",1,5134,"Home Appliances"
"CST00055","SK3130",1,458,"Home Appliances"
"CST00055","SK3138",1,224,"Home Appliances"
"CST00055","SK3139",1,3315,"Home Appliances"
"CST00055","TF1252",1,3006,"Clothing & Accessories"
"CST00055","TF1254",1,1142,"Clothing & Accessories"
"CST00056","FM1005",1,739,"IT & Electronics"
"CST00056","FM1013",1,2333,"IT & Electronics"
"CST00056","JS2309",1,1653,"Health & Nutrition"
"CST00056","JS2311",1,192,"Health & Nutrition"
"CST00056","SK3124",3,2777,"Home Appliances"
"CST00056","SK3128",1,393,"Home Appliances"
"CST00056","SK3129",1,5134,"Home Appliances"
"CST00056","SK3131",1,405,"Home Appliances"
"CST00056","TF1258",1,629,"Clothing & Accessories"
"CST00057","FM1007",1,939,"IT & Electronics"
"CST00057","FM1012",1,475,"IT & Electronics"
"CST00057","JS2305",1,1574,"Health & Nutrition"
"CST00057","SK3124",1,2777,"Home Appliances"
"CST00057","SK3129",1,5134,"Home Appliances"
"CST00057","SK3132",1,3401,"Home Appliances"
"CST00057","SK3134",1,1476,"Home Appliances"
"CST00057","SK3135",1,2836,"Home Appliances"
"CST00057","SK3136",2,2095,"Home Appliances"
"CST00057","SK3138",1,224,"Home Appliances"
"CST00057","TF1251",1,841,"Clothing & Accessories"
"CST00057","TF1252",1,3006,"Clothing & Accessories"
"CST00057","TF1255",1,2631,"Clothing & Accessories"
"CST00058","FM1005",1,739,"IT & Electronics"
"CST00058","FM1009",1,4461,"IT & Electronics"
"CST00058","FM1012",1,475,"IT & Electronics"
"CST00058","JS2313",1,1196,"Health & Nutrition"
"CST00058","SK3127",1,280,"Home Appliances"
"CST00058","SK3128",1,393,"Home Appliances"
"CST00058","SK3130",2,458,"Home Appliances"
"CST00058","SK3135",1,2836,"Home Appliances"
"CST00058","TF1251",1,841,"Clothing & Accessories"
"CST00059","FM1012",1,475,"IT & Electronics"
"CST00059","FM1013",2,2333,"IT & Electronics"
"CST00059","JS2306",1,428,"Health & Nutrition"
"CST00059","JS2307",1,1443,"Health & Nutrition"
"CST00059","JS2308",1,1883,"Health & Nutrition"
"CST00059","TF1250",1,1511,"Clothing & Accessories"
"CST00059","TF1251",1,841,"Clothing & Accessories"
"CST00060","FM1001",1,533,"IT & Electronics"
"CST00060","FM1003",1,2657,"IT & Electronics"
"CST00060","FM1004",1,797,"IT & Electronics"
"CST00060","FM1006",2,1165,"IT & Electronics"
"CST00060","FM1010",2,4573,"IT & Electronics"
"CST00060","FM1011",1,3055,"IT & Electronics"
"CST00060","JS2308",1,1883,"Health & Nutrition"
"CST00060","JS2313",1,1196,"Health & Nutrition"
"CST00060","SK3138",1,224,"Home Appliances"
"CST00060","SK3140",1,112,"Home Appliances"
"CST00060","SK3141",1,2341,"Home Appliances"
"CST00060","TF1251",1,841,"Clothing & Accessories"
"CST00060","TF1254",1,1142,"Clothing & Accessories"
"CST00060","TF1258",1,629,"Clothing & Accessories"
"CST00061","FM1003",1,2657,"IT & Electronics"
"CST00061","FM1007",1,939,"IT & Electronics"
"CST00061","FM1008",1,1296,"IT & Electronics"
"CST00061","FM1011",1,3055,"IT & Electronics"
"CST00061","FM1013",1,2333,"IT & Electronics"
"CST00061","JS2313",1,1196,"Health & Nutrition"
"CST00061","SK3131",1,405,"Home Appliances"
"CST00061","SK3135",2,2836,"Home Appliances"
"CST00061","SK3139",2,3315,"Home Appliances"
"CST00061","TF1250",2,1511,"Clothing & Accessories"
"CST00061","TF1254",1,1142,"Clothing & Accessories"
"CST00061","TF1256",1,58,"Clothing & Accessories"
"CST00061","TF1258",1,629,"Clothing & Accessories"
"CST00062","FM1002",1,2648,"IT & Electronics"
"CST00062","FM1008",1,1296,"IT & Electronics"
"CST00062","JS2306",1,428,"Health & Nutrition"
"CST00062","JS2311",1,192,"Health & Nutrition"
"CST00062","JS2312",2,3885,"Health & Nutrition"
"CST00062","JS2313",1,1196,"Health & Nutrition"
"CST00062","SK3130",1,458,"Home Appliances"
"CST00062","SK3133",1,533,"Home Appliances"
"CST00062","TF1258",1,629,"Clothing & Accessories"
"CST00062","TF1259",1,1429,"Clothing & Accessories"
"CST00063","SK3130",1,458,"Home Appliances"
"CST00063","SK3131",1,405,"Home Appliances"
"CST00063","SK3133",1,533,"Home Appliances"
"CST00063","TF1255",1,2631,"Clothing & Accessories"
"CST00064","FM1002",1,2648,"IT & Electronics"
"CST00064","FM1006",1,1165,"IT & Electronics"
"CST00064","SK3139",2,3315,"Home Appliances"
"CST00064","TF1251",2,841,"Clothing & Accessories"
"CST00065","FM1004",1,797,"IT & Electronics"
"CST00065","FM1007",1,939,"IT & Electronics"
"CST00065","FM1011",1,3055,"IT & Electronics"
"CST00065","JS2307",2,1443,"Health & Nutrition"
"CST00065","SK3127",1,280,"Home Appliances"
"CST00065","SK3129",1,5134,"Home Appliances"
"CST00065","SK3130",1,458,"Home Appliances"
"CST00065","SK3135",1,2836,"Home Appliances"
"CST00065","SK3136",1,2095,"Home Appliances"
"CST00066","FM1008",1,1296,"IT & Electronics"
"CST00066","JS2309",1,1653,"Health & Nutrition"
"CST00067","FM1013",2,2333,"IT & Electronics"
"CST00067","JS2307",1,1443,"Health & Nutrition"
"CST00067","JS2310",1,2782,"Health & Nutrition"
"CST00067","SK3131",1,405,"Home Appliances"
"CST00067","SK3134",2,1476,"Home Appliances"
"CST00067","TF1253",1,676,"Clothing & Accessories"
"CST00067","TF1254",1,1142,"Clothing & Accessories"
"CST00067","TF1255",1,2631,"Clothing & Accessories"
"CST00067","TF1256",1,58,"Clothing & Accessories"
"CST00067","TF1257",2,1066,"Clothing & Accessories"
"CST00068","FM1005",1,739,"IT & Electronics"
"CST00068","FM1009",1,4461,"IT & Electronics"
"CST00068","JS2312",1,3885,"Health & Nutrition"
"CST00068","SK3130",1,458,"Home Appliances"
"CST00068","SK3134",1,1476,"Home Appliances"
"CST00068","SK3138",1,224,"Home Appliances"
"CST00068","SK3139",1,3315,"Home Appliances"
"CST00068","SK3140",1,112,"Home Appliances"
"CST00068","TF1255",1,2631,"Clothing & Accessories"
"CST00069","FM1008",1,1296,"IT & Electronics"
"CST00069","JS2306",1,428,"Health & Nutrition"
"CST00069","SK3126",1,558,"Home Appliances"
"CST00069","SK3127",1,280,"Home Appliances"
"CST00069","SK3134",1,1476,"Home Appliances"
"CST00069","TF1252",1,3006,"Clothing & Accessories"
"CST00070","FM1003",1,2657,"IT & Electronics"
"CST00070","FM1004",1,797,"IT & Electronics"
"CST00070","FM1007",1,939,"IT & Electronics"
"CST00070","SK3124",1,2777,"Home Appliances"
"CST00070","SK3126",1,558,"Home Appliances"
"CST00070","SK3129",1,5134,"Home Appliances"
"CST00070","SK3130",1,458,"Home Appliances"
"CST00070","SK3137",1,1596,"Home Appliances"
"CST00070","TF1258",1,629,"Clothing & Accessories"
"CST00071","JS2305",1,1574,"Health & Nutrition"
"CST00071","SK3124",1,2777,"Home Appliances"
"CST00071","SK3127",1,280,"Home Appliances"
"CST00071","SK3128",1,393,"Home Appliances"
"CST00071","SK3136",2,2095,"Home Appliances"
"CST00071","SK3137",1,1596,"Home Appliances"
"CST00071","SK3141",1,2341,"Home Appliances"
"CST00071","TF1253",1,676,"Clothing & Accessories"
"CST00071","TF1254",1,1142,"Clothing & Accessories"
"CST00071","TF1255",1,2631,"Clothing & Accessories"
"CST00071","TF1257",1,1066,"Clothing & Accessories"
"CST00072","FM1004",1,797,"IT & Electronics"
"CST00072","FM1007",1,939,"IT & Electronics"
"CST00072","FM1008",1,1296,"IT & Electronics"
"CST00072","FM1010",1,4573,"IT & Electronics"
"CST00072","FM1012",1,475,"IT & Electronics"
"CST00072","JS2308",1,1883,"Health & Nutrition"
"CST00072","JS2310",1,2782,"Health & Nutrition"
"CST00072","JS2312",1,3885,"Health & Nutrition"
"CST00072","JS2313",1,1196,"Health & Nutrition"
"CST00072","SK3128",2,393,"Home Appliances"
"CST00072","SK3129",1,5134,"Home Appliances"
"CST00072","SK3132",1,3401,"Home Appliances"
"CST00072","SK3140",1,112,"Home Appliances"
"CST00072","SK3141",1,2341,"Home Appliances"
"CST00072","TF1252",1,3006,"Clothing & Accessories"
"CST00072","TF1254",1,1142,"Clothing & Accessories"
"CST00072","TF1257",1,1066,"Clothing & Accessories"
"CST00073","FM1004",1,797,"IT & Electronics"
"CST00073","FM1006",1,1165,"IT & Electronics"
"CST00073","JS2306",1,428,"Health & Nutrition"
"CST00073","JS2310",1,2782,"Health & Nutrition"
"CST00073","SK3124",1,2777,"Home Appliances"
"CST00073","TF1250",1,1511,"Clothing & Accessories"
"CST00073","TF1251",1,841,"Clothing & Accessories"
"CST00073","TF1255",1,2631,"Clothing & Accessories"
"CST00073","TF1256",1,58,"Clothing & Accessories"
"CST00073","TF1258",1,629,"Clothing & Accessories"
"CST00074","FM1010",2,4573,"IT & Electronics"
"CST00074","FM1011",1,3055,"IT & Electronics"
"CST00074","JS2308",1,1883,"Health & Nutrition"
"CST00074","JS2309",1,1653,"Health & Nutrition"
"CST00074","JS2310",1,2782,"Health & Nutrition"
"CST00074","JS2311",1,192,"Health & Nutrition"
"CST00074","JS2313",1,1196,"Health & Nutrition"
"CST00074","SK3127",1,280,"Home Appliances"
"CST00074","SK3131",1,405,"Home Appliances"
"CST00074","SK3137",1,1596,"Home Appliances"
"CST00074","SK3140",1,112,"Home Appliances"
"CST00075","FM1010",1,4573,"IT & Electronics"
"CST00075","JS2312",1,3885,"Health & Nutrition"
"CST00075","SK3132",1,3401,"Home Appliances"
"CST00075","SK3134",1,1476,"Home Appliances"
"CST00075","SK3138",1,224,"Home Appliances"
"CST00075","TF1254",1,1142,"Clothing & Accessories"
"CST00076","FM1001",1,533,"IT & Electronics"
"CST00076","FM1006",1,1165,"IT & Electronics"
"CST00076","JS2305",1,1574,"Health & Nutrition"
"CST00076","JS2306",1,428,"Health & Nutrition"
"CST00076","JS2307",1,1443,"Health & Nutrition"
"CST00076","SK3133",1,533,"Home Appliances"
"CST00076","SK3138",1,224,"Home Appliances"
"CST00076","TF1253",1,676,"Clothing & Accessories"
"CST00076","TF1256",1,58,"Clothing & Accessories"
"CST00077","FM1004",1,797,"IT & Electronics"
"CST00077","FM1006",2,1165,"IT & Electronics"
"CST00077","FM1010",1,4573,"IT & Electronics"
"CST00077","JS2307",1,1443,"Health & Nutrition"
"CST00077","JS2308",1,1883,"Health & Nutrition"
"CST00077","JS2309",1,1653,"Health & Nutrition"
"CST00077","JS2310",1,2782,"Health & Nutrition"
"CST00077","JS2311",1,192,"Health & Nutrition"
"CST00077","SK3130",1,458,"Home Appliances"
"CST00077","SK3134",1,1476,"Home Appliances"
"CST00077","TF1250",3,1511,"Clothing & Accessories"
"CST00077","TF1256",1,58,"Clothing & Accessories"
"CST00078","FM1005",1,739,"IT & Electronics"
"CST00078","FM1008",1,1296,"IT & Electronics"
"CST00078","FM1012",1,475,"IT & Electronics"
"CST00078","FM1013",1,2333,"IT & Electronics"
"CST00078","JS2307",1,1443,"Health & Nutrition"
"CST00078","SK3124",1,2777,"Home Appliances"
"CST00078","SK3125",2,2556,"Home Appliances"
"CST00078","SK3133",1,533,"Home Appliances"
"CST00078","SK3139",1,3315,"Home Appliances"
"CST00078","SK3141",2,2341,"Home Appliances"
"CST00079","FM1001",1,533,"IT & Electronics"
"CST00079","FM1003",2,2657,"IT & Electronics"
"CST00079","FM1008",2,1296,"IT & Electronics"
"CST00079","FM1009",1,4461,"IT & Electronics"
"CST00079","FM1013",1,2333,"IT & Electronics"
"CST00079","SK3125",1,2556,"Home Appliances"
"CST00079","SK3128",1,393,"Home Appliances"
"CST00079","SK3130",1,458,"Home Appliances"
"CST00079","SK3132",1,3401,"Home Appliances"
"CST00079","TF1256",2,58,"Clothing & Accessories"
"CST00080","FM1002",1,2648,"IT & Electronics"
"CST00080","FM1005",2,739,"IT & Electronics"
"CST00080","FM1007",1,939,"IT & Electronics"
"CST00080","JS2309",1,1653,"Health & Nutrition"
"CST00080","JS2313",1,1196,"Health & Nutrition"
"CST00080","SK3130",1,458,"Home Appliances"
"CST00080","SK3133",3,533,"Home Appliances"
"CST00080","SK3137",1,1596,"Home Appliances"
"CST00080","TF1250",1,1511,"Clothing & Accessories"
"CST00080","TF1254",1,1142,"Clothing & Accessories"
"CST00081","FM1002",1,2648,"IT & Electronics"
"CST00081","FM1007",1,939,"IT & Electronics"
"CST00081","SK3129",1,5134,"Home Appliances"
"CST00081","SK3130",1,458,"Home Appliances"
"CST00081","SK3134",1,1476,"Home Appliances"
"CST00081","SK3135",1,2836,"Home Appliances"
"CST00081","SK3138",1,224,"Home Appliances"
"CST00081","SK3139",1,3315,"Home Appliances"
"CST00081","SK3141",1,2341,"Home Appliances"
"CST00081","TF1251",1,841,"Clothing & Accessories"
"CST00081","TF1252",1,3006,"Clothing & Accessories"
"CST00081","TF1254",1,1142,"Clothing & Accessories"
"CST00081","TF1259",1,1429,"Clothing & Accessories"
"CST00082","FM1005",1,739,"IT & Electronics"
"CST00082","JS2308",1,1883,"Health & Nutrition"
"CST00082","JS2309",1,1653,"Health & Nutrition"
"CST00082","SK3129",2,5134,"Home Appliances"
"CST00082","SK3133",1,533,"Home Appliances"
"CST00082","SK3140",1,112,"Home Appliances"
"CST00082","SK3141",1,2341,"Home Appliances"
"CST00083","FM1005",1,739,"IT & Electronics"
"CST00083","FM1012",1,475,"IT & Electronics"
"CST00083","JS2311",1,192,"Health & Nutrition"
"CST00083","JS2312",1,3885,"Health & Nutrition"
"CST00083","SK3125",1,2556,"Home Appliances"
"CST00083","SK3126",1,558,"Home Appliances"
"CST00083","SK3133",1,533,"Home Appliances"
"CST00083","TF1250",1,1511,"Clothing & Accessories"
"CST00083","TF1257",1,1066,"Clothing & Accessories"
"CST00084","FM1004",1,797,"IT & Electronics"
"CST00084","FM1006",1,1165,"IT & Electronics"
"CST00084","FM1008",1,1296,"IT & Electronics"
"CST00084","FM1011",2,3055,"IT & Electronics"
"CST00084","FM1012",1,475,"IT & Electronics"
"CST00084","JS2311",1,192,"Health & Nutrition"
"CST00084","SK3124",1,2777,"Home Appliances"
"CST00084","SK3127",2,280,"Home Appliances"
"CST00084","SK3132",1,3401,"Home Appliances"
"CST00084","SK3134",1,1476,"Home Appliances"
"CST00084","SK3136",1,2095,"Home Appliances"
"CST00084","TF1251",1,841,"Clothing & Accessories"
"CST00084","TF1253",1,676,"Clothing & Accessories"
"CST00084","TF1254",1,1142,"Clothing & Accessories"
"CST00085","FM1005",1,739,"IT & Electronics"
"CST00085","FM1008",1,1296,"IT & Electronics"
"CST00085","FM1010",1,4573,"IT & Electronics"
"CST00085","JS2310",1,2782,"Health & Nutrition"
"CST00085","SK3133",1,533,"Home Appliances"
"CST00085","TF1252",1,3006,"Clothing & Accessories"
"CST00085","TF1254",1,1142,"Clothing & Accessories"
"CST00085","TF1255",1,2631,"Clothing & Accessories"
"CST00085","TF1256",1,58,"Clothing & Accessories"
"CST00086","FM1005",1,739,"IT & Electronics"
"CST00086","FM1008",1,1296,"IT & Electronics"
"CST00086","JS2305",1,1574,"Health & Nutrition"
"CST00086","JS2307",1,1443,"Health & Nutrition"
"CST00086","JS2311",2,192,"Health & Nutrition"
"CST00086","SK3126",1,558,"Home Appliances"
"CST00086","SK3128",1,393,"Home Appliances"
"CST00086","SK3133",1,533,"Home Appliances"
"CST00086","TF1252",1,3006,"Clothing & Accessories"
"CST00086","TF1256",1,58,"Clothing & Accessories"
"CST00087","FM1001",1,533,"IT & Electronics"
"CST00087","FM1009",1,4461,"IT & Electronics"
"CST00087","FM1010",1,4573,"IT & Electronics"
"CST00087","SK3129",1,5134,"Home Appliances"
"CST00087","TF1255",1,2631,"Clothing & Accessories"
"CST00088","FM1009",1,4461,"IT & Electronics"
"CST00088","JS2305",1,1574,"Health & Nutrition"
"CST00088","SK3128",1,393,"Home Appliances"
"CST00088","SK3129",2,5134,"Home Appliances"
"CST00088","SK3132",1,3401,"Home Appliances"
"CST00088","TF1254",1,1142,"Clothing & Accessories"
"CST00088","TF1257",1,1066,"Clothing & Accessories"
"CST00089","FM1002",1,2648,"IT & Electronics"
"CST00089","JS2311",1,192,"Health & Nutrition"
"CST00089","SK3125",1,2556,"Home Appliances"
"CST00089","SK3127",1,280,"Home Appliances"
"CST00089","SK3136",1,2095,"Home Appliances"
"CST00089","SK3137",1,1596,"Home Appliances"
"CST00090","FM1005",1,739,"IT & Electronics"
"CST00090","FM1009",1,4461,"IT & Electronics"
"CST00090","JS2308",1,1883,"Health & Nutrition"
"CST00090","SK3136",1,2095,"Home Appliances"
"CST00090","SK3137",1,1596,"Home Appliances"
"CST00090","SK3138",1,224,"Home Appliances"
"CST00090","TF1251",1,841,"Clothing & Accessories"
"CST00090","TF1254",1,1142,"Clothing & Accessories"
"CST00090","TF1255",1,2631,"Clothing & Accessories"
"CST00091","FM1009",2,4461,"IT & Electronics"
"CST00091","JS2311",1,192,"Health & Nutrition"
"CST00091","SK3134",1,1476,"Home Appliances"
"CST00091","SK3136",1,2095,"Home Appliances"
"CST00091","TF1252",1,3006,"Clothing & Accessories"
"CST00091","TF1257",1,1066,"Clothing & Accessories"
"CST00091","TF1259",1,1429,"Clothing & Accessories"
"CST00092","FM1013",1,2333,"IT & Electronics"
"CST00092","JS2306",1,428,"Health & Nutrition"
"CST00092","JS2307",1,1443,"Health & Nutrition"
"CST00092","SK3131",1,405,"Home Appliances"
"CST00092","SK3136",1,2095,"Home Appliances"
"CST00092","SK3137",1,1596,"Home Appliances"
"CST00092","SK3138",1,224,"Home Appliances"
"CST00092","TF1251",1,841,"Clothing & Accessories"
"CST00092","TF1253",1,676,"Clothing & Accessories"
"CST00093","FM1009",2,4461,"IT & Electronics"
"CST00093","FM1013",1,2333,"IT & Electronics"
"CST00093","JS2305",1,1574,"Health & Nutrition"
"CST00093","SK3124",1,2777,"Home Appliances"
"CST00093","SK3130",1,458,"Home Appliances"
"CST00093","TF1254",1,1142,"Clothing & Accessories"
"CST00094","FM1010",1,4573,"IT & Electronics"
"CST00094","FM1012",1,475,"IT & Electronics"
"CST00094","JS2311",1,192,"Health & Nutrition"
"CST00094","JS2313",1,1196,"Health & Nutrition"
"CST00094","SK3125",1,2556,"Home Appliances"
"CST00094","SK3131",1,405,"Home Appliances"
"CST00094","SK3136",1,2095,"Home Appliances"
"CST00094","SK3137",1,1596,"Home Appliances"
"CST00095","FM1004",1,797,"IT & Electronics"
"CST00095","FM1005",2,739,"IT & Electronics"
"CST00095","JS2305",1,1574,"Health & Nutrition"
"CST00095","JS2309",1,1653,"Health & Nutrition"
"CST00095","SK3129",1,5134,"Home Appliances"
"CST00095","SK3134",1,1476,"Home Appliances"
"CST00095","SK3141",1,2341,"Home Appliances"
"CST00095","TF1257",1,1066,"Clothing & Accessories"
"CST00096","FM1003",1,2657,"IT & Electronics"
"CST00096","JS2307",2,1443,"Health & Nutrition"
"CST00096","JS2310",2,2782,"Health & Nutrition"
"CST00096","SK3129",1,5134,"Home Appliances"
"CST00096","SK3131",1,405,"Home Appliances"
"CST00096","SK3132",1,3401,"Home Appliances"
"CST00096","SK3134",1,1476,"Home Appliances"
"CST00096","SK3141",1,2341,"Home Appliances"
"CST00096","TF1252",1,3006,"Clothing & Accessories"
"CST00096","TF1256",1,58,"Clothing & Accessories"
"CST00096","TF1258",1,629,"Clothing & Accessories"
"CST00097","FM1005",1,739,"IT & Electronics"
"CST00097","FM1008",1,1296,"IT & Electronics"
"CST00097","FM1012",1,475,"IT & Electronics"
"CST00097","JS2310",1,2782,"Health & Nutrition"
"CST00097","JS2313",2,1196,"Health & Nutrition"
"CST00097","SK3126",1,558,"Home Appliances"
"CST00097","SK3138",1,224,"Home Appliances"
"CST00097","SK3139",1,3315,"Home Appliances"
"CST00097","SK3140",2,112,"Home Appliances"
"CST00097","TF1255",1,2631,"Clothing & Accessories"
"CST00098","FM1001",1,533,"IT & Electronics"
"CST00098","FM1005",1,739,"IT & Electronics"
"CST00098","FM1006",1,1165,"IT & Electronics"
"CST00098","FM1007",1,939,"IT & Electronics"
"CST00098","FM1010",1,4573,"IT & Electronics"
"CST00098","FM1011",2,3055,"IT & Electronics"
"CST00098","JS2309",1,1653,"Health & Nutrition"
"CST00098","JS2313",1,1196,"Health & Nutrition"
"CST00098","SK3127",1,280,"Home Appliances"
"CST00098","SK3128",1,393,"Home Appliances"
"CST00098","SK3130",1,458,"Home Appliances"
"CST00098","SK3131",1,405,"Home Appliances"
"CST00098","SK3133",1,533,"Home Appliances"
"CST00098","TF1253",1,676,"Clothing & Accessories"
"CST00099","FM1007",1,939,"IT & Electronics"
"CST00099","JS2305",1,1574,"Health & Nutrition"
"CST00099","JS2306",1,428,"Health & Nutrition"
"CST00099","SK3124",1,2777,"Home Appliances"
"CST00100","JS2305",1,1574,"Health & Nutrition"
"CST00100","JS2308",1,1883,"Health & Nutrition"
"CST00100","JS2311",1,192,"Health & Nutrition"
"CST00100","SK3133",1,533,"Home Appliances"
"CST00100","SK3135",1,2836,"Home Appliances"
"CST00100","SK3136",1,2095,"Home Appliances"
"CST00100","TF1251",1,841,"Clothing & Accessories"
